Model Name,Product url,Software Name
Voluson Women’s Health,https://www.gehealthcare.com/products/ultrasound/voluson,Ultrasound solutions
LOGIQ General Imaging,https://www.gehealthcare.com/products/ultrasound/logiq,Ultrasound solutions
Vivid™ Ultra Edition,https://www.gehealthcare.com/products/ultrasound/vivid,Ultrasound solutions
Handheld Ultrasound: Vscan,https://www.gehealthcare.com/products/ultrasound/handheld-ultrasound,Ultrasound solutions
Primary Care,https://www.gehealthcare.com/products/ultrasound/primary-care,Ultrasound solutions
Point of Care Ultrasound,https://www.gehealthcare.com/products/ultrasound/point-of-care-ultrasound,Ultrasound solutions
ABUS Breast Imaging,https://www.gehealthcare.com/products/ultrasound/breast-ultrasound,Ultrasound solutions
Surgical Visualization & Guidance,https://www.bkmedical.com/,Ultrasound solutions
Ultrasound Digital Solutions,https://www.gehealthcare.com/products/ultrasound/ultrasound-digital-solutions,Ultrasound solutions
Vscan Air™,https://www.gehealthcare.com/products/ultrasound/handheld-ultrasound/vscan-air-cl,Vscan family of handheld ultrasound systems
Vscan Extend™,https://www.gehealthcare.com/products/ultrasound/handheld-ultrasound/vscan-extend,Vscan family of handheld ultrasound systems
Vscan Air + Digital Tools,https://www.gehealthcare.com/products/ultrasound/handheld-ultrasound/vscan-air-digital-tools,Vscan family of handheld ultrasound systems
